{
    "name": "TA1021",
    "vendorId": "0xDE34",
    "productId": "0x7324",
    "lighting": "qmk_rgblight",
    "matrix": {
        "rows": 9,
        "cols": 10
    },
    "layouts": {
        "keymap": [
            [
                {
                    "y": 0.2,
                    "x": 1.5
                },
                "0,1",
                {
                    "x": 11.5
                },
                "6,2"
            ],
            [
                {
                    "y": -0.9499999999999998,
                    "x": 0.2
                },
                "0,0",
                {
                    "x": 14.165
                },
                "6,3",
                {
                    "x": 0.33500000000000085
                },
                "6,4"
            ],
            [
                {
                    "x": 16.95
                },
                "7,0"
            ],
            [
                {
                    "y": -0.75,
                    "x": 0.75,
                    "f": 4
                },
                "1,0",
                "1,1",
                {
                    "x": 10.95
                },
                "6,7",
                "6,8",
                {
                    "c": "#282a36",
                    "f": 3
                },
                "6,9"
            ],
            [
                {
                    "y": -0.25,
                    "x": 17.2
                },
                "7,5"
            ],
            [
                {
                    "y": -0.75,
                    "x": 0.5,
                    "w": 1.5
                },
                "2,0",
                {
                    "f": 5
                },
                "2,1",
                {
                    "x": 10.45,
                    "f": 4
                },
                "7,2",
                "7,3",
                {
                    "c": "#282a36",
                    "t": "#ff79c6",
                    "f": 3,
                    "w": 1.5
                },
                "7,4"
            ],
            [
                {
                    "y": -0.25,
                    "x": 17.45
                },
                "7,9"
            ],
            [
                {
                    "y": -0.75,
                    "x": 0.25,
                    "w": 1.25,
                    "w2": 1.75,
                    "l": true
                },
                "3,0",
                {
                    "x": 0.5,
                    "f": 5
                },
                "3,1",
                {
                    "x": 9.95,
                    "f": 4
                },
                "7,6",
                "7,7",
                {
                    "f": 3,
                    "w": 2.25
                },
                "7,8"
            ],
            [
                {
                    "w": 2.25
                },
                "4,0",
                {
                    "f": 5
                },
                "4,1",
                {
                    "x": 10.2,
                    "f": 4
                },
                "8,1",
                {
                    "f": 3,
                    "w": 1.75
                },
                "8,2"
            ],
            [
                {
                    "y": -0.75,
                    "x": 16.45,
                    "f": 6
                },
                "8,3"
            ],
            [
                {
                    "y": -0.25,
                    "f": 3,
                    "w": 1.5
                },
                "5,0",
                {
                    "w": 1.25
                },
                "5,1",
                {
                    "x": 11,
                    "w": 1.25
                },
                "5,8"
            ],
            [
                {
                    "y": -0.75,
                    "x": 15.45,
                    "f": 6
                },
                "5,9",
                "8,4",
                "8,5"
            ],
            [
                {
                    "y": 0.6500000000000004,
                    "x": 6.5,
                    "f": 3
                },
                "8,6",
                "8,7",
                "8,8"
            ],
            [
                {
                    "rx": 10,
                    "y": 0.2,
                    "x": -7.5
                },
                "0,2",
                {
                    "x": 9.5
                },
                "6,1"
            ],
            [
                {
                    "y": 0.15000000000000013,
                    "x": -7.25,
                    "f": 4
                },
                "1,2",
                {
                    "x": 8.95
                },
                "6,6"
            ],
            [
                {
                    "r": 12,
                    "rx": 8.5,
                    "ry": 3.5,
                    "y": -2.25,
                    "x": -5.35,
                    "f": 3
                },
                "0,3",
                "0,4",
                {
                    "x": 0.25
                },
                "0,5",
                "0,6"
            ],
            [
                {
                    "y": 0.25,
                    "x": -4.85,
                    "f": 4
                },
                "1,3",
                "1,4",
                "1,5"
            ],
            [
                {
                    "x": -5.35,
                    "f": 5
                },
                "2,2",
                "2,3",
                "2,4",
                "2,5"
            ],
            [
                {
                    "x": -5.1
                },
                "3,2",
                "3,3",
                {
                    "n": true
                },
                "3,4",
                "3,5"
            ],
            [
                {
                    "x": -4.6
                },
                "4,2",
                "4,3",
                "4,4",
                "4,5"
            ],
            [
                {
                    "x": -4.6,
                    "f": 3,
                    "w": 1.25
                },
                "5,2",
                {
                    "w": 2.25
                },
                "5,3",
                {
                },
                "5,4"
            ],
            [
                {
                    "r": -12,
                    "ry": 3.25,
                    "y": -2.05,
                    "x": 0.5500000000000007
                },
                "0,7",
                "0,8",
                {
                    "x": 0.25
                },
                "0,9",
                "6,0"
            ],
            [
                {
                    "y": 0.25,
                    "x": -0.7000000000000007,
                    "f": 4
                },
                "8,9",
                "1,7",
                "1,8",
                "1,9",
                "6,5"
            ],
            [
                {
                    "x": -0.1999999999999993,
                    "f": 5
                },
                "2,6",
                "2,7",
                "2,8",
                "2,9",
                "7,1"
            ],
            [
                {
                    "x": 0.05000000000000071
                },
                "3,6",
                {
                    "n": true
                },
                "3,7",
                "3,8",
                "3,9"
            ],
            [
                {
                    "x": -0.7000000000000002
                },
                "4,6",
                {
                },
                "4,7",
                "4,8",
                {
                    "f": 4
                },